bet_id,race_id,runner_num,runner_name,place_odd,stake,balance_before,peak_before,result,pnl,balance_after,peak_after,drawdown_pct,mdd_trough_pct,is_all_in,placed_at,settled_at
1,3399669,1,Roland Frank,3.26,40.0,1000.0,1000.0,WIN,90.4,1090.4,1090.4,0.0,0.0,0,2026-10-03 10:09:30,2026-10-03 10:09:58
2,3399675,4,Bastien Traver,4.49,43.62,1090.4,1090.4,LOSS,-43.62,1046.78,1090.4,4.0,4.0,0,2026-10-03 10:15:30,2026-10-03 10:15:58
3,3399677,4,Russel Horn,2.92,43.62,1046.78,1090.4,LOSS,-43.62,1003.16,1090.4,8.0,8.0,0,2026-10-03 10:17:30,2026-10-03 10:17:57
4,3399691,4,Bastien Traver,4.6,43.62,1003.16,1090.4,WIN,157.03,1160.19,1160.19,0.0,8.0,0,2026-10-03 10:31:31,2026-10-03 10:31:57
5,3399719,4,Meriwether Booker,3.03,46.41,1160.19,1160.19,LOSS,-46.41,1113.78,1160.19,4.0,8.0,0,2026-10-03 10:59:31,2026-10-03 10:59:57
6,3399729,4,Bastien Traver,3.9,46.41,1113.78,1160.19,LOSS,-46.41,1067.37,1160.19,8.0,8.0,0,2026-10-03 11:09:29,2026-10-03 11:09:57
7,3399735,4,Svante Ecclestone,2.99,46.41,1067.37,1160.19,LOSS,-46.41,1020.96,1160.19,12.0,12.0,0,2026-10-03 11:15:31,2026-10-03 11:15:58
8,3399745,4,Magnus Smythe,3.47,46.41,1020.96,1160.19,LOSS,-46.41,974.55,1160.19,16.0,16.0,0,2026-10-03 11:25:30,2026-10-03 11:25:57
9,3399747,4,Magnus Smythe,3.14,46.41,974.55,1160.19,WIN,99.32,1073.87,1160.19,7.44,16.0,0,2026-10-03 11:27:30,2026-10-03 11:27:57
10,3399751,4,Hans Kingston,3.37,46.41,1073.87,1160.19,LOSS,-46.41,1027.46,1160.19,11.44,16.0,0,2026-10-03 11:31:31,2026-10-03 11:31:57
11,3399763,3,Mickey Stenger,3.03,46.41,1027.46,1160.19,WIN,94.21,1121.67,1160.19,3.32,16.0,0,2026-10-03 11:43:30,2026-10-03 11:44:03
12,3399765,4,Hans Kingston,3.12,46.41,1121.67,1160.19,WIN,98.39,1220.06,1220.06,0.0,16.0,0,2026-10-03 11:45:31,2026-10-03 11:45:57
13,3399777,1,Roland Frank,3.06,48.8,1220.06,1220.06,LOSS,-48.8,1171.26,1220.06,4.0,16.0,0,2026-10-03 11:57:30,2026-10-03 11:57:57
14,3399781,1,Briscoe Logan,3.78,48.8,1171.26,1220.06,VOID,0.0,1171.26,1220.06,4.0,16.0,0,2026-10-03 12:01:31,2026-10-03 12:03:01
15,3399785,4,Svante Ecclestone,3.49,48.8,1171.26,1220.06,VOID,0.0,1171.26,1220.06,4.0,16.0,0,2026-10-03 12:05:30,2026-10-03 12:07:00
16,3399791,4,Manny Clarke,2.84,48.8,1171.26,1220.06,VOID,0.0,1171.26,1220.06,4.0,16.0,0,2026-10-03 12:11:33,2026-10-03 12:13:03
17,3399805,4,Hans Kingston,4.06,48.8,1171.26,1220.06,VOID,0.0,1171.26,1220.06,4.0,16.0,0,2026-10-03 12:25:31,2026-10-03 12:27:01
18,3399807,2,Quentin Stefan,3.34,48.8,1171.26,1220.06,VOID,0.0,1171.26,1220.06,4.0,16.0,0,2026-10-03 12:27:31,2026-10-03 12:29:01
19,3399809,4,Mickey Stenger,3.01,48.8,1171.26,1220.06,VOID,0.0,1171.26,1220.06,4.0,16.0,0,2026-10-03 12:29:29,2026-10-03 12:30:59
20,3399813,4,Svante Ecclestone,3.17,48.8,1171.26,1220.06,VOID,0.0,1171.26,1220.06,4.0,16.0,0,2026-10-03 12:33:30,2026-10-03 12:35:00
21,3399821,4,Malcolm Farnham,3.53,48.8,1171.26,1220.06,VOID,0.0,1171.26,1220.06,4.0,16.0,0,2026-10-03 12:41:31,2026-10-03 12:43:01
22,3399825,1,Meriwether Booker,3.98,48.8,1171.26,1220.06,VOID,0.0,1171.26,1220.06,4.0,16.0,0,2026-10-03 12:45:30,2026-10-03 12:47:00
23,3399831,4,Manny Clarke,3.18,48.8,1171.26,1220.06,VOID,0.0,1171.26,1220.06,4.0,16.0,0,2026-10-03 12:51:31,2026-10-03 12:53:01
24,3399833,4,Russel Horn,2.91,48.8,1171.26,1220.06,VOID,0.0,1171.26,1220.06,4.0,16.0,0,2026-10-03 12:53:30,2026-10-03 12:55:00
25,3399835,4,Bastien Traver,3.6,48.8,1171.26,1220.06,VOID,0.0,1171.26,1220.06,4.0,16.0,0,2026-10-03 12:55:31,2026-10-03 12:57:01
26,3399843,4,Bastien Traver,2.85,48.8,1171.26,1220.06,VOID,0.0,1171.26,1220.06,4.0,16.0,0,2026-10-03 13:03:31,2026-10-03 13:05:01
27,3399861,4,Hans Kingston,3.29,48.8,1171.26,1220.06,VOID,0.0,1171.26,1220.06,4.0,16.0,0,2026-10-03 13:21:31,2026-10-03 13:23:01
28,3399863,1,Mieszko Mckowen,2.85,48.8,1171.26,1220.06,VOID,0.0,1171.26,1220.06,4.0,16.0,0,2026-10-03 13:23:30,2026-10-03 13:25:00
29,3399869,1,Roland Frank,3.84,48.8,1171.26,1220.06,VOID,0.0,1171.26,1220.06,4.0,16.0,0,2026-10-03 13:29:31,2026-10-03 13:31:01
30,3399875,4,Magnus Smythe,4.13,48.8,1171.26,1220.06,VOID,0.0,1171.26,1220.06,4.0,16.0,0,2026-10-03 13:35:31,2026-10-03 13:37:01
31,3399879,4,Magnus Smythe,4.06,48.8,1171.26,1220.06,VOID,0.0,1171.26,1220.06,4.0,16.0,0,2026-10-03 13:39:30,2026-10-03 13:41:00
32,3399891,1,Anatol Mullen,4.16,48.8,1171.26,1220.06,VOID,0.0,1171.26,1220.06,4.0,16.0,0,2026-10-03 13:51:31,2026-10-03 13:53:01
33,3399893,4,Malcolm Farnham,2.98,48.8,1171.26,1220.06,VOID,0.0,1171.26,1220.06,4.0,16.0,0,2026-10-03 13:53:31,2026-10-03 13:55:01
34,3399897,4,Russel Horn,5.6,48.8,1171.26,1220.06,VOID,0.0,1171.26,1220.06,4.0,16.0,0,2026-10-03 13:57:31,2026-10-03 13:59:01
35,3399901,4,Magnus Smythe,2.99,48.8,1171.26,1220.06,VOID,0.0,1171.26,1220.06,4.0,16.0,0,2026-10-03 14:01:31,2026-10-03 14:03:01
36,3399913,4,Svante Ecclestone,2.81,48.8,1171.26,1220.06,VOID,0.0,1171.26,1220.06,4.0,16.0,0,2026-10-03 14:13:29,2026-10-03 14:14:59
37,3399925,1,Jarle Seward,3.26,48.8,1171.26,1220.06,VOID,0.0,1171.26,1220.06,4.0,16.0,0,2026-10-03 14:25:31,2026-10-03 14:27:01
38,3399939,4,Manny Clarke,3.01,48.8,1171.26,1220.06,VOID,0.0,1171.26,1220.06,4.0,16.0,0,2026-10-03 14:39:30,2026-10-03 14:41:00
39,3399941,4,Bastien Traver,2.94,48.8,1171.26,1220.06,VOID,0.0,1171.26,1220.06,4.0,16.0,0,2026-10-03 14:41:31,2026-10-03 14:43:01
40,3399945,4,Manny Clarke,3.75,48.8,1171.26,1220.06,VOID,0.0,1171.26,1220.06,4.0,16.0,0,2026-10-03 14:45:30,2026-10-03 14:47:00
41,3399951,4,Russel Horn,2.99,48.8,1171.26,1220.06,VOID,0.0,1171.26,1220.06,4.0,16.0,0,2026-10-03 14:51:30,2026-10-03 14:53:00
42,3399955,4,Mickey Stenger,2.81,48.8,1171.26,1220.06,VOID,0.0,1171.26,1220.06,4.0,16.0,0,2026-10-03 14:55:31,2026-10-03 14:57:01
43,3399957,4,Magnus Smythe,4.12,48.8,1171.26,1220.06,VOID,0.0,1171.26,1220.06,4.0,16.0,0,2026-10-03 14:57:30,2026-10-03 14:59:00
44,3399961,3,Bastien Traver,2.8,48.8,1171.26,1220.06,VOID,0.0,1171.26,1220.06,4.0,16.0,0,2026-10-03 15:01:30,2026-10-03 15:03:00
45,3399963,1,Meriwether Booker,3.14,48.8,1171.26,1220.06,VOID,0.0,1171.26,1220.06,4.0,16.0,0,2026-10-03 15:03:30,2026-10-03 15:05:00
46,3399967,4,Manny Clarke,2.88,48.8,1171.26,1220.06,VOID,0.0,1171.26,1220.06,4.0,16.0,0,2026-10-03 15:07:31,2026-10-03 15:09:01
47,3399971,4,Manny Clarke,4.09,48.8,1171.26,1220.06,VOID,0.0,1171.26,1220.06,4.0,16.0,0,2026-10-03 15:11:31,2026-10-03 15:13:01
48,3399971,4,Manny Clarke,4.09,48.8,1171.26,1220.06,VOID,0.0,1171.26,1220.06,4.0,16.0,0,2026-10-03 15:11:33,2026-10-03 15:13:03
49,3399977,4,Bastien Traver,4.25,48.8,1171.26,1220.06,VOID,0.0,1171.26,1220.06,4.0,16.0,0,2026-10-03 15:17:30,2026-10-03 15:19:00
50,3399991,1,Mieszko Mckowen,3.79,48.8,1171.26,1220.06,VOID,0.0,1171.26,1220.06,4.0,16.0,0,2026-10-03 15:31:30,2026-10-03 15:33:00
51,3399997,4,Bastien Traver,5.15,48.8,1171.26,1220.06,VOID,0.0,1171.26,1220.06,4.0,16.0,0,2026-10-03 15:37:29,2026-10-03 15:38:59
52,3400001,4,Bastien Traver,4.07,48.8,1171.26,1220.06,VOID,0.0,1171.26,1220.06,4.0,16.0,0,2026-10-03 15:41:31,2026-10-03 15:43:01
53,3400003,1,Briscoe Logan,2.89,48.8,1171.26,1220.06,VOID,0.0,1171.26,1220.06,4.0,16.0,0,2026-10-03 15:43:31,2026-10-03 15:45:01
54,3400017,4,Magnus Smythe,3.12,48.8,1171.26,1220.06,VOID,0.0,1171.26,1220.06,4.0,16.0,0,2026-10-03 15:57:31,2026-10-03 15:59:01
55,3400019,1,Roland Frank,3.06,48.8,1171.26,1220.06,VOID,0.0,1171.26,1220.06,4.0,16.0,0,2026-10-03 15:59:31,2026-10-03 16:01:01
56,3400029,4,Bastien Traver,2.86,48.8,1171.26,1220.06,VOID,0.0,1171.26,1220.06,4.0,16.0,0,2026-10-03 16:09:30,2026-10-03 16:11:00
57,3400035,4,Manny Clarke,3.33,48.8,1171.26,1220.06,VOID,0.0,1171.26,1220.06,4.0,16.0,0,2026-10-03 16:15:31,2026-10-03 16:17:01
58,3400047,4,Hans Kingston,2.86,48.8,1171.26,1220.06,LOSS,-48.8,1122.46,1220.06,8.0,16.0,0,2026-10-03 16:27:31,2026-10-03 16:27:57
59,3400049,1,Mickey Stenger,3.05,48.8,1122.46,1220.06,LOSS,-48.8,1073.66,1220.06,12.0,16.0,0,2026-10-03 16:29:31,2026-10-03 16:29:58
60,3400051,3,Mickey Stenger,2.87,48.8,1073.66,1220.06,LOSS,-48.8,1024.86,1220.06,16.0,16.0,0,2026-10-03 16:31:30,2026-10-03 16:31:57
61,3400053,4,Hans Kingston,4.65,48.8,1024.86,1220.06,LOSS,-48.8,976.06,1220.06,20.0,20.0,0,2026-10-03 16:33:30,2026-10-03 16:33:57
62,3400059,4,Manny Clarke,2.81,48.8,976.06,1220.06,LOSS,-48.8,927.26,1220.06,24.0,24.0,0,2026-10-03 16:39:30,2026-10-03 16:39:57
63,3400063,4,Magnus Smythe,3.76,48.8,927.26,1220.06,LOSS,-48.8,878.46,1220.06,28.0,28.0,0,2026-10-03 16:43:30,2026-10-03 16:43:57
64,3400083,1,Meriwether Booker,3.86,48.8,878.46,1220.06,LOSS,-48.8,829.66,1220.06,32.0,32.0,0,2026-10-03 17:03:29,2026-10-03 17:03:57
65,3400089,4,Bastien Traver,3.68,48.8,829.66,1220.06,WIN,130.78,960.44,1220.06,21.28,32.0,0,2026-10-03 17:09:31,2026-10-03 17:09:57
66,3400095,1,Meriwether Booker,3.34,48.8,960.44,1220.06,LOSS,-48.8,911.64,1220.06,25.28,32.0,0,2026-10-03 17:15:30,2026-10-03 17:15:57
67,3400103,3,Mickey Stenger,2.84,48.8,911.64,1220.06,LOSS,-48.8,862.84,1220.06,29.28,32.0,0,2026-10-03 17:23:30,2026-10-03 17:23:57
68,3400105,4,Bastien Traver,4.04,48.8,862.84,1220.06,WIN,148.35,1011.19,1220.06,17.12,32.0,0,2026-10-03 17:25:31,2026-10-03 17:25:57
69,3400107,4,Hans Kingston,3.55,48.8,1011.19,1220.06,LOSS,-48.8,962.39,1220.06,21.12,32.0,0,2026-10-03 17:27:31,2026-10-03 17:27:57
70,3400121,4,Magnus Smythe,2.85,48.8,962.39,1220.06,LOSS,-48.8,913.59,1220.06,25.12,32.0,0,2026-10-03 17:41:30,2026-10-03 17:41:57
71,3400125,1,Roland Frank,3.02,48.8,913.59,1220.06,LOSS,-48.8,864.79,1220.06,29.12,32.0,0,2026-10-03 17:45:31,2026-10-03 17:45:58
72,3400127,1,Anatol Mullen,2.9,48.8,864.79,1220.06,LOSS,-48.8,815.99,1220.06,33.12,33.12,0,2026-10-03 17:47:30,2026-10-03 17:47:57
73,3400133,3,Meriwether Booker,3.08,48.8,815.99,1220.06,LOSS,-48.8,767.19,1220.06,37.12,37.12,0,2026-10-03 17:53:31,2026-10-03 17:53:57
74,3400141,4,Bastien Traver,2.97,48.8,767.19,1220.06,LOSS,-48.8,718.39,1220.06,41.12,41.12,0,2026-10-03 18:01:30,2026-10-03 18:01:57
75,3400147,4,Manny Clarke,3.71,48.8,718.39,1220.06,LOSS,-48.8,669.59,1220.06,45.12,45.12,0,2026-10-03 18:07:29,2026-10-03 18:07:57
76,3400153,1,Roland Frank,3.15,48.8,669.59,1220.06,LOSS,-48.8,620.79,1220.06,49.12,49.12,0,2026-10-03 18:13:30,2026-10-03 18:13:57
77,3400155,3,Bastien Traver,2.96,48.8,620.79,1220.06,WIN,95.65,716.44,1220.06,41.28,49.12,0,2026-10-03 18:15:31,2026-10-03 18:15:58
78,3400159,4,Bastien Traver,3.66,48.8,716.44,1220.06,LOSS,-48.8,667.64,1220.06,45.28,49.12,0,2026-10-03 18:19:30,2026-10-03 18:19:57
79,3400163,4,Bastien Traver,3.68,48.8,667.64,1220.06,VOID,0.0,667.64,1220.06,45.28,49.12,0,2026-10-03 18:23:31,2026-10-03 18:25:01
80,3400165,1,Roland Frank,4.72,48.8,667.64,1220.06,VOID,0.0,667.64,1220.06,45.28,49.12,0,2026-10-03 18:25:31,2026-10-03 18:27:01
81,3400167,4,Mieszko Mckowen,2.92,48.8,667.64,1220.06,VOID,0.0,667.64,1220.06,45.28,49.12,0,2026-10-03 18:27:31,2026-10-03 18:29:16
82,3400171,4,Hans Kingston,3.33,48.8,667.64,1220.06,VOID,0.0,667.64,1220.06,45.28,49.12,0,2026-10-03 18:31:30,2026-10-03 18:33:00
83,3400175,1,Roland Frank,3.31,48.8,667.64,1220.06,VOID,0.0,667.64,1220.06,45.28,49.12,0,2026-10-03 18:35:31,2026-10-03 18:37:01
84,3400185,4,Bastien Traver,3.52,48.8,667.64,1220.06,VOID,0.0,667.64,1220.06,45.28,49.12,0,2026-10-03 18:45:30,2026-10-03 18:47:00
85,3400189,4,Hans Kingston,2.89,48.8,667.64,1220.06,VOID,0.0,667.64,1220.06,45.28,49.12,0,2026-10-03 18:49:30,2026-10-03 18:51:00
86,3400197,4,Malcolm Farnham,3.15,48.8,667.64,1220.06,VOID,0.0,667.64,1220.06,45.28,49.12,0,2026-10-03 18:57:29,2026-10-03 18:58:59
87,3400201,4,Russel Horn,4.5,48.8,667.64,1220.06,VOID,0.0,667.64,1220.06,45.28,49.12,0,2026-10-03 19:01:31,2026-10-03 19:03:01
88,3400203,4,Hans Kingston,3.43,48.8,667.64,1220.06,VOID,0.0,667.64,1220.06,45.28,49.12,0,2026-10-03 19:03:30,2026-10-03 19:05:00
89,3400207,3,Malcolm Farnham,2.85,48.8,667.64,1220.06,VOID,0.0,667.64,1220.06,45.28,49.12,0,2026-10-03 19:07:30,2026-10-03 19:09:00
90,3400213,4,Magnus Smythe,2.94,48.8,667.64,1220.06,VOID,0.0,667.64,1220.06,45.28,49.12,0,2026-10-03 19:13:29,2026-10-03 19:14:59
91,3400227,3,Hans Kingston,2.8,48.8,667.64,1220.06,VOID,0.0,667.64,1220.06,45.28,49.12,0,2026-10-03 19:27:30,2026-10-03 19:29:00
92,3400235,4,Manny Clarke,3.08,48.8,667.64,1220.06,VOID,0.0,667.64,1220.06,45.28,49.12,0,2026-10-03 19:35:30,2026-10-03 19:37:00
93,3400239,4,Svante Ecclestone,2.86,48.8,667.64,1220.06,VOID,0.0,667.64,1220.06,45.28,49.12,0,2026-10-03 19:39:31,2026-10-03 19:41:01
94,3400245,4,Manny Clarke,3.06,48.8,667.64,1220.06,VOID,0.0,667.64,1220.06,45.28,49.12,0,2026-10-03 19:45:30,2026-10-03 19:47:00
95,3400247,4,Hans Kingston,4.94,48.8,667.64,1220.06,VOID,0.0,667.64,1220.06,45.28,49.12,0,2026-10-03 19:47:30,2026-10-03 19:49:00
96,3400255,1,Meriwether Booker,3.53,48.8,667.64,1220.06,VOID,0.0,667.64,1220.06,45.28,49.12,0,2026-10-03 19:55:30,2026-10-03 19:57:00
97,3400257,1,Malcolm Farnham,4.78,48.8,667.64,1220.06,VOID,0.0,667.64,1220.06,45.28,49.12,0,2026-10-03 19:57:30,2026-10-03 19:59:00
98,3400263,4,Russel Horn,4.24,48.8,667.64,1220.06,VOID,0.0,667.64,1220.06,45.28,49.12,0,2026-10-03 20:03:30,2026-10-03 20:05:00
99,3400265,4,Manny Clarke,3.52,48.8,667.64,1220.06,VOID,0.0,667.64,1220.06,45.28,49.12,0,2026-10-03 20:05:31,2026-10-03 20:07:01
100,3400269,3,Hans Kingston,4.24,48.8,667.64,1220.06,VOID,0.0,667.64,1220.06,45.28,49.12,0,2026-10-03 20:09:30,2026-10-03 20:11:00
101,3400273,4,Hans Kingston,3.14,48.8,667.64,1220.06,VOID,0.0,667.64,1220.06,45.28,49.12,0,2026-10-03 20:13:29,2026-10-03 20:15:00
102,3400275,4,Russel Horn,2.88,48.8,667.64,1220.06,VOID,0.0,667.64,1220.06,45.28,49.12,0,2026-10-03 20:15:30,2026-10-03 20:17:00
103,3400277,3,Magnus Smythe,3.11,48.8,667.64,1220.06,VOID,0.0,667.64,1220.06,45.28,49.12,0,2026-10-03 20:17:31,2026-10-03 20:19:01
104,3400281,3,Mickey Stenger,2.89,48.8,667.64,1220.06,VOID,0.0,667.64,1220.06,45.28,49.12,0,2026-10-03 20:21:30,2026-10-03 20:23:00
105,3400283,3,Magnus Smythe,3.02,48.8,667.64,1220.06,VOID,0.0,667.64,1220.06,45.28,49.12,0,2026-10-03 20:23:30,2026-10-03 20:25:00
106,3400285,4,Magnus Smythe,3.31,48.8,667.64,1220.06,VOID,0.0,667.64,1220.06,45.28,49.12,0,2026-10-03 20:25:30,2026-10-03 20:27:00
107,3400293,1,Mickey Stenger,3.18,48.8,667.64,1220.06,VOID,0.0,667.64,1220.06,45.28,49.12,0,2026-10-03 20:33:32,2026-10-03 20:35:02
108,3400297,3,Magnus Smythe,3.62,48.8,667.64,1220.06,VOID,0.0,667.64,1220.06,45.28,49.12,0,2026-10-03 20:37:30,2026-10-03 20:39:23
109,3400301,1,Anatol Mullen,3.21,48.8,667.64,1220.06,VOID,0.0,667.64,1220.06,45.28,49.12,0,2026-10-03 20:41:30,2026-10-03 20:43:00
110,3400307,4,Mickey Stenger,3.9,48.8,667.64,1220.06,VOID,0.0,667.64,1220.06,45.28,49.12,0,2026-10-03 20:47:30,2026-10-03 20:49:00
111,3400309,1,Jarle Seward,3.03,48.8,667.64,1220.06,VOID,0.0,667.64,1220.06,45.28,49.12,0,2026-10-03 20:49:31,2026-10-03 20:51:01
112,3400315,4,Mickey Stenger,2.82,48.8,667.64,1220.06,WIN,88.82,756.46,1220.06,38.0,49.12,0,2026-10-03 20:55:31,2026-10-03 20:55:57
113,3400317,4,Hans Kingston,3.86,48.8,756.46,1220.06,LOSS,-48.8,707.66,1220.06,42.0,49.12,0,2026-10-03 20:57:30,2026-10-03 20:57:57
114,3400319,4,Manny Clarke,2.81,48.8,707.66,1220.06,LOSS,-48.8,658.86,1220.06,46.0,49.12,0,2026-10-03 20:59:30,2026-10-03 20:59:57
115,3400321,4,Manny Clarke,2.88,48.8,658.86,1220.06,LOSS,-48.8,610.06,1220.06,50.0,50.0,0,2026-10-03 21:01:30,2026-10-03 21:01:57
116,3400325,4,Hans Kingston,2.87,48.8,610.06,1220.06,LOSS,-48.8,561.26,1220.06,54.0,54.0,0,2026-10-03 21:05:30,2026-10-03 21:05:57
117,3400327,4,Manny Clarke,3.7,48.8,561.26,1220.06,LOSS,-48.8,512.46,1220.06,58.0,58.0,0,2026-10-03 21:07:30,2026-10-03 21:07:57
118,3400335,1,Roland Frank,4.54,48.8,512.46,1220.06,LOSS,-48.8,463.66,1220.06,62.0,62.0,0,2026-10-03 21:15:33,2026-10-03 21:15:57
119,3400345,4,Meriwether Booker,2.9,48.8,463.66,1220.06,LOSS,-48.8,414.86,1220.06,66.0,66.0,0,2026-10-03 21:25:30,2026-10-03 21:25:57
120,3400345,4,Meriwether Booker,2.9,48.8,463.66,1220.06,LOSS,-48.8,366.06,1220.06,70.0,70.0,0,2026-10-03 21:25:32,2026-10-03 21:25:57
121,3400351,1,Quentin Stefan,5.37,48.8,366.06,1220.06,LOSS,-48.8,317.26,1220.06,74.0,74.0,0,2026-10-03 21:31:31,2026-10-03 21:31:57
122,3400359,4,Russel Horn,3.02,48.8,317.26,1220.06,LOSS,-48.8,268.46,1220.06,78.0,78.0,0,2026-10-03 21:39:29,2026-10-03 21:39:57
123,3400361,2,Quentin Stefan,3.83,48.8,268.46,1220.06,LOSS,-48.8,219.66,1220.06,82.0,82.0,0,2026-10-03 21:41:30,2026-10-03 21:41:57
124,3400365,4,Manny Clarke,3.26,48.8,219.66,1220.06,LOSS,-48.8,170.86,1220.06,86.0,86.0,0,2026-10-03 21:45:30,2026-10-03 21:45:57
125,3400367,1,Malcolm Farnham,3.34,48.8,170.86,1220.06,LOSS,-48.8,122.06,1220.06,90.0,90.0,0,2026-10-03 21:47:30,2026-10-03 21:47:57
126,3400371,4,Bastien Traver,2.94,48.8,122.06,1220.06,WIN,94.67,216.73,1220.06,82.24,90.0,0,2026-10-03 21:51:29,2026-10-03 21:51:57
127,3400373,4,Magnus Smythe,3.26,48.8,216.73,1220.06,LOSS,-48.8,167.93,1220.06,86.24,90.0,0,2026-10-03 21:53:30,2026-10-03 21:53:57
128,3400375,3,Quentin Stefan,2.9,48.8,167.93,1220.06,LOSS,-48.8,119.13,1220.06,90.24,90.24,0,2026-10-03 21:55:31,2026-10-03 21:55:57
129,3400379,4,Hans Kingston,3.89,48.8,119.13,1220.06,LOSS,-48.8,70.33,1220.06,94.24,94.24,0,2026-10-03 21:59:30,2026-10-03 21:59:57
130,3400383,1,Jarle Seward,5.65,48.8,70.33,1220.06,LOSS,-48.8,21.53,1220.06,98.24,98.24,0,2026-10-03 22:03:31,2026-10-03 22:03:57
131,3400387,4,Malcolm Farnham,2.8,48.8,21.53,1220.06,LOSS,-48.8,-27.27,1220.06,102.24,102.24,0,2026-10-03 22:07:30,2026-10-03 22:07:57
132,3400389,4,Magnus Smythe,5.06,48.8,-27.27,1220.06,WIN,198.13,170.86,1220.06,86.0,102.24,0,2026-10-03 22:09:31,2026-10-03 22:09:57
133,3400391,1,Anatol Mullen,4.54,48.8,170.86,1220.06,LOSS,-48.8,122.06,1220.06,90.0,102.24,0,2026-10-03 22:11:30,2026-10-03 22:11:57
134,3400393,1,Quentin Stefan,3.31,48.8,122.06,1220.06,LOSS,-48.8,73.26,1220.06,94.0,102.24,0,2026-10-03 22:13:31,2026-10-03 22:13:57
135,3400395,1,Mieszko Mckowen,3.19,48.8,73.26,1220.06,WIN,106.87,180.13,1220.06,85.24,102.24,0,2026-10-03 22:15:30,2026-10-03 22:15:57
136,3400397,3,Hans Kingston,3.06,48.8,180.13,1220.06,LOSS,-48.8,131.33,1220.06,89.24,102.24,0,2026-10-03 22:17:30,2026-10-03 22:17:57
137,3400399,4,Mickey Stenger,3.62,48.8,131.33,1220.06,WIN,127.86,259.19,1220.06,78.76,102.24,0,2026-10-03 22:19:30,2026-10-03 22:19:57
138,3400405,2,Meriwether Booker,2.9,48.8,259.19,1220.06,LOSS,-48.8,210.39,1220.06,82.76,102.24,0,2026-10-03 22:25:30,2026-10-03 22:25:57
139,3400407,4,Russel Horn,3.26,48.8,210.39,1220.06,LOSS,-48.8,161.59,1220.06,86.76,102.24,0,2026-10-03 22:27:31,2026-10-03 22:27:57
140,3400415,4,Bastien Traver,4.04,48.8,161.59,1220.06,LOSS,-48.8,112.79,1220.06,90.76,102.24,0,2026-10-03 22:35:30,2026-10-03 22:35:57
141,3400425,4,Bastien Traver,3.49,48.8,112.79,1220.06,VOID,0.0,112.79,1220.06,90.76,102.24,0,2026-10-03 22:45:29,2026-10-03 22:46:59
142,3400437,1,Quentin Stefan,3.97,48.8,112.79,1220.06,VOID,0.0,112.79,1220.06,90.76,102.24,0,2026-10-03 22:57:30,2026-10-03 22:59:00
143,3400451,4,Hans Kingston,2.97,48.8,112.79,1220.06,VOID,0.0,112.79,1220.06,90.76,102.24,0,2026-10-03 23:11:29,2026-10-03 23:12:59
144,3400453,4,Hans Kingston,3.14,48.8,112.79,1220.06,VOID,0.0,112.79,1220.06,90.76,102.24,0,2026-10-03 23:13:31,2026-10-03 23:15:01
145,3400459,1,Meriwether Booker,3.09,48.8,112.79,1220.06,VOID,0.0,112.79,1220.06,90.76,102.24,0,2026-10-03 23:19:31,2026-10-03 23:21:04
146,3400465,1,Anatol Mullen,3.42,48.8,112.79,1220.06,VOID,0.0,112.79,1220.06,90.76,102.24,0,2026-10-03 23:25:32,2026-10-03 23:27:02
147,3400467,4,Hans Kingston,2.9,48.8,112.79,1220.06,VOID,0.0,112.79,1220.06,90.76,102.24,0,2026-10-03 23:27:30,2026-10-03 23:29:00
148,3400483,1,Jarle Seward,3.33,48.8,112.79,1220.06,VOID,0.0,112.79,1220.06,90.76,102.24,0,2026-10-03 23:43:29,2026-10-03 23:44:59
149,3400487,1,Meriwether Booker,3.61,48.8,112.79,1220.06,VOID,0.0,112.79,1220.06,90.76,102.24,0,2026-10-03 23:47:31,2026-10-03 23:49:01
150,3400491,4,Magnus Smythe,2.91,48.8,112.79,1220.06,VOID,0.0,112.79,1220.06,90.76,102.24,0,2026-10-03 23:51:31,2026-10-03 23:53:01
151,3400497,1,Anatol Mullen,2.81,48.8,112.79,1220.06,VOID,0.0,112.79,1220.06,90.76,102.24,0,2026-10-03 23:57:30,2026-10-03 23:59:00
152,3400499,4,Hans Kingston,4.61,48.8,112.79,1220.06,VOID,0.0,112.79,1220.06,90.76,102.24,0,2026-10-03 23:59:30,2026-10-04 00:01:00
153,3400507,4,Hans Kingston,5.3,48.8,112.79,1220.06,VOID,0.0,112.79,1220.06,90.76,102.24,0,2026-10-04 00:07:31,2026-10-04 00:09:01
154,3400511,1,Roland Frank,2.81,48.8,112.79,1220.06,VOID,0.0,112.79,1220.06,90.76,102.24,0,2026-10-04 00:11:31,2026-10-04 00:13:01
155,3400521,4,Magnus Smythe,3.55,48.8,112.79,1220.06,VOID,0.0,112.79,1220.06,90.76,102.24,0,2026-10-04 00:21:29,2026-10-04 00:23:00
156,3400529,1,Briscoe Logan,3.39,48.8,112.79,1220.06,VOID,0.0,112.79,1220.06,90.76,102.24,0,2026-10-04 00:29:30,2026-10-04 00:31:00
157,3400533,4,Bastien Traver,3.5,48.8,112.79,1220.06,VOID,0.0,112.79,1220.06,90.76,102.24,0,2026-10-04 00:33:30,2026-10-04 00:35:00
158,3400535,3,Meriwether Booker,3.67,48.8,112.79,1220.06,VOID,0.0,112.79,1220.06,90.76,102.24,0,2026-10-04 00:35:30,2026-10-04 00:37:21
159,3400541,4,Manny Clarke,3.36,48.8,112.79,1220.06,VOID,0.0,112.79,1220.06,90.76,102.24,0,2026-10-04 00:41:31,2026-10-04 00:43:01
160,3400543,4,Manny Clarke,3.09,48.8,112.79,1220.06,VOID,0.0,112.79,1220.06,90.76,102.24,0,2026-10-04 00:43:30,2026-10-04 00:45:00
161,3400545,1,Quentin Stefan,2.92,48.8,112.79,1220.06,VOID,0.0,112.79,1220.06,90.76,102.24,0,2026-10-04 00:45:29,2026-10-04 00:47:00
162,3400551,1,Roland Frank,2.97,48.8,112.79,1220.06,WIN,96.14,208.93,1220.06,82.88,102.24,0,2026-10-04 00:51:31,2026-10-04 00:51:57
163,3400557,4,Hans Kingston,3.41,48.8,208.93,1220.06,WIN,117.61,326.54,1220.06,73.24,102.24,0,2026-10-04 00:57:30,2026-10-04 00:57:57
164,3400561,4,Bastien Traver,2.85,48.8,326.54,1220.06,LOSS,-48.8,277.74,1220.06,77.24,102.24,0,2026-10-04 01:01:31,2026-10-04 01:01:57
165,3400565,4,Bastien Traver,3.32,48.8,277.74,1220.06,PENDING,0.0,277.74,1220.06,77.24,102.24,0,2026-10-04 01:05:31,
166,3400571,1,Mieszko Mckowen,2.98,48.8,277.74,1220.06,LOSS,-48.8,228.94,1220.06,81.24,102.24,0,2026-10-04 01:11:30,2026-10-04 01:11:57
167,3400573,4,Manny Clarke,3.21,48.8,228.94,1220.06,LOSS,-48.8,180.14,1220.06,85.24,102.24,0,2026-10-04 01:13:31,2026-10-04 01:13:57
168,3400575,4,Bastien Traver,3.93,48.8,180.14,1220.06,LOSS,-48.8,131.34,1220.06,89.23,102.24,0,2026-10-04 01:15:30,2026-10-04 01:15:57
169,3400579,4,Meriwether Booker,3.39,48.8,131.34,1220.06,LOSS,-48.8,82.54,1220.06,93.23,102.24,0,2026-10-04 01:19:31,2026-10-04 01:19:57
170,3400583,4,Bastien Traver,2.84,48.8,82.54,1220.06,LOSS,-48.8,33.74,1220.06,97.23,102.24,0,2026-10-04 01:23:30,2026-10-04 01:23:57
171,3400587,1,Anatol Mullen,3.08,48.8,33.74,1220.06,LOSS,-48.8,-15.06,1220.06,101.23,102.24,0,2026-10-04 01:27:30,2026-10-04 01:27:57
172,3400591,4,Hans Kingston,3.05,48.8,-15.06,1220.06,WIN,100.04,84.98,1220.06,93.03,102.24,0,2026-10-04 01:31:30,2026-10-04 01:31:57
173,3400601,4,Hans Kingston,3.67,48.8,84.98,1220.06,LOSS,-48.8,36.18,1220.06,97.03,102.24,0,2026-10-04 01:41:29,2026-10-04 01:41:57
174,3400613,4,Magnus Smythe,7.74,48.8,36.18,1220.06,LOSS,-48.8,-12.62,1220.06,101.03,102.24,0,2026-10-04 01:53:31,2026-10-04 01:53:57
175,3400619,4,Bastien Traver,4.1,48.8,-12.62,1220.06,LOSS,-48.8,-61.42,1220.06,105.03,105.03,0,2026-10-04 01:59:31,2026-10-04 01:59:57
176,3400621,4,Russel Horn,2.92,48.8,-61.42,1220.06,LOSS,-48.8,-110.22,1220.06,109.03,109.03,0,2026-10-04 02:01:30,2026-10-04 02:01:57
177,3400623,4,Bastien Traver,3.12,48.8,-110.22,1220.06,LOSS,-48.8,-159.02,1220.06,113.03,113.03,0,2026-10-04 02:03:30,2026-10-04 02:03:57
178,3400627,1,Jarle Seward,5.55,48.8,-159.02,1220.06,LOSS,-48.8,-207.82,1220.06,117.03,117.03,0,2026-10-04 02:07:31,2026-10-04 02:07:57
179,3400631,4,Hans Kingston,3.12,48.8,-207.82,1220.06,WIN,103.46,-104.36,1220.06,108.55,117.03,0,2026-10-04 02:11:30,2026-10-04 02:11:57
180,3400637,4,Bastien Traver,3.12,48.8,-104.36,1220.06,WIN,103.46,-0.9,1220.06,100.07,117.03,0,2026-10-04 02:17:30,2026-10-04 02:17:57
181,3400643,4,Hans Kingston,3.07,48.8,-0.9,1220.06,LOSS,-48.8,-49.7,1220.06,104.07,117.03,0,2026-10-04 02:23:29,2026-10-04 02:23:57
182,3400651,4,Manny Clarke,4.79,48.8,-49.7,1220.06,LOSS,-48.8,-98.5,1220.06,108.07,117.03,0,2026-10-04 02:31:31,2026-10-04 02:31:57
183,3400667,4,Bastien Traver,2.95,48.8,-98.5,1220.06,LOSS,-48.8,-147.3,1220.06,112.07,117.03,0,2026-10-04 02:47:30,2026-10-04 02:47:57
184,3400669,1,Briscoe Logan,3.96,48.8,-147.3,1220.06,WIN,144.45,-2.85,1220.06,100.23,117.03,0,2026-10-04 02:49:30,2026-10-04 02:49:57
185,3400671,4,Magnus Smythe,3.14,48.8,-2.85,1220.06,LOSS,-48.8,-51.65,1220.06,104.23,117.03,0,2026-10-04 02:51:31,2026-10-04 02:51:57
186,3400681,1,Briscoe Logan,4.68,48.8,-51.65,1220.06,LOSS,-48.8,-100.45,1220.06,108.23,117.03,0,2026-10-04 03:01:30,2026-10-04 03:01:57
187,3400683,3,Mickey Stenger,3.51,48.8,-100.45,1220.06,LOSS,-48.8,-149.25,1220.06,112.23,117.03,0,2026-10-04 03:03:30,2026-10-04 03:03:57
188,3400699,1,Anatol Mullen,3.19,48.8,-149.25,1220.06,VOID,0.0,-149.25,1220.06,112.23,117.03,0,2026-10-04 03:19:30,2026-10-04 03:21:00
189,3400701,4,Manny Clarke,3.14,48.8,-149.25,1220.06,VOID,0.0,-149.25,1220.06,112.23,117.03,0,2026-10-04 03:21:30,2026-10-04 03:23:00
190,3400703,1,Quentin Stefan,3.84,48.8,-149.25,1220.06,VOID,0.0,-149.25,1220.06,112.23,117.03,0,2026-10-04 03:23:30,2026-10-04 03:25:00
191,3400709,1,Briscoe Logan,2.82,48.8,-149.25,1220.06,VOID,0.0,-149.25,1220.06,112.23,117.03,0,2026-10-04 03:29:31,2026-10-04 03:31:01
192,3400713,4,Manny Clarke,2.89,48.8,-149.25,1220.06,VOID,0.0,-149.25,1220.06,112.23,117.03,0,2026-10-04 03:33:30,2026-10-04 03:35:00
193,3400717,4,Hans Kingston,3.35,48.8,-149.25,1220.06,VOID,0.0,-149.25,1220.06,112.23,117.03,0,2026-10-04 03:37:30,2026-10-04 03:39:00
194,3400719,4,Svante Ecclestone,3.21,48.8,-149.25,1220.06,VOID,0.0,-149.25,1220.06,112.23,117.03,0,2026-10-04 03:39:30,2026-10-04 03:41:00
195,3400723,1,Mieszko Mckowen,4.53,48.8,-149.25,1220.06,VOID,0.0,-149.25,1220.06,112.23,117.03,0,2026-10-04 03:43:31,2026-10-04 03:45:01
196,3400725,4,Bastien Traver,3.03,48.8,-149.25,1220.06,VOID,0.0,-149.25,1220.06,112.23,117.03,0,2026-10-04 03:45:30,2026-10-04 03:47:00
197,3400731,4,Russel Horn,3.43,48.8,-149.25,1220.06,VOID,0.0,-149.25,1220.06,112.23,117.03,0,2026-10-04 03:51:31,2026-10-04 03:53:01
198,3400735,4,Bastien Traver,3.8,48.8,-149.25,1220.06,VOID,0.0,-149.25,1220.06,112.23,117.03,0,2026-10-04 03:55:30,2026-10-04 03:57:00
199,3400737,4,Hans Kingston,4.79,48.8,-149.25,1220.06,VOID,0.0,-149.25,1220.06,112.23,117.03,0,2026-10-04 03:57:30,2026-10-04 03:59:00
200,3400743,1,Jarle Seward,5.21,48.8,-149.25,1220.06,VOID,0.0,-149.25,1220.06,112.23,117.03,0,2026-10-04 04:03:30,2026-10-04 04:05:00
201,3400745,1,Quentin Stefan,3.1,48.8,-149.25,1220.06,VOID,0.0,-149.25,1220.06,112.23,117.03,0,2026-10-04 04:05:29,2026-10-04 04:06:59
202,3400751,1,Malcolm Farnham,4.92,48.8,-149.25,1220.06,VOID,0.0,-149.25,1220.06,112.23,117.03,0,2026-10-04 04:11:29,2026-10-04 04:12:59
203,3400759,4,Hans Kingston,4.11,48.8,-149.25,1220.06,VOID,0.0,-149.25,1220.06,112.23,117.03,0,2026-10-04 04:19:30,2026-10-04 04:21:00
204,3400761,4,Bastien Traver,3.37,48.8,-149.25,1220.06,VOID,0.0,-149.25,1220.06,112.23,117.03,0,2026-10-04 04:21:31,2026-10-04 04:23:01
205,3400763,1,Quentin Stefan,3.53,48.8,-149.25,1220.06,VOID,0.0,-149.25,1220.06,112.23,117.03,0,2026-10-04 04:23:30,2026-10-04 04:25:00
206,3400771,4,Bastien Traver,3.06,48.8,-149.25,1220.06,VOID,0.0,-149.25,1220.06,112.23,117.03,0,2026-10-04 04:31:31,2026-10-04 04:33:02
207,3400775,4,Hans Kingston,3.39,48.8,-149.25,1220.06,VOID,0.0,-149.25,1220.06,112.23,117.03,0,2026-10-04 04:35:30,2026-10-04 04:37:00
208,3400779,4,Bastien Traver,3.72,48.8,-149.25,1220.06,VOID,0.0,-149.25,1220.06,112.23,117.03,0,2026-10-04 04:39:35,2026-10-04 04:41:05
209,3400791,1,Briscoe Logan,2.99,48.8,-149.25,1220.06,VOID,0.0,-149.25,1220.06,112.23,117.03,0,2026-10-04 04:51:31,2026-10-04 04:53:01
210,3400795,4,Magnus Smythe,4.07,48.8,-149.25,1220.06,VOID,0.0,-149.25,1220.06,112.23,117.03,0,2026-10-04 04:55:31,2026-10-04 04:57:01
211,3400797,1,Jarle Seward,3.1,48.8,-149.25,1220.06,VOID,0.0,-149.25,1220.06,112.23,117.03,0,2026-10-04 04:57:30,2026-10-04 04:59:00
212,3400799,1,Roland Frank,3.61,48.8,-149.25,1220.06,VOID,0.0,-149.25,1220.06,112.23,117.03,0,2026-10-04 04:59:29,2026-10-04 05:01:00
213,3400801,4,Bastien Traver,3.22,48.8,-149.25,1220.06,VOID,0.0,-149.25,1220.06,112.23,117.03,0,2026-10-04 05:01:31,2026-10-04 05:03:01
214,3400803,1,Jarle Seward,2.96,48.8,-149.25,1220.06,VOID,0.0,-149.25,1220.06,112.23,117.03,0,2026-10-04 05:03:30,2026-10-04 05:05:00
215,3400807,4,Mickey Stenger,3.06,48.8,-149.25,1220.06,VOID,0.0,-149.25,1220.06,112.23,117.03,0,2026-10-04 05:07:31,2026-10-04 05:09:01
216,3400809,4,Hans Kingston,3.58,48.8,-149.25,1220.06,VOID,0.0,-149.25,1220.06,112.23,117.03,0,2026-10-04 05:09:30,2026-10-04 05:11:00
217,3400825,4,Mickey Stenger,3.24,48.8,-149.25,1220.06,LOSS,-48.8,-198.05,1220.06,116.23,117.03,0,2026-10-04 05:25:30,2026-10-04 05:25:57
218,3400827,4,Mickey Stenger,3.1,48.8,-198.05,1220.06,LOSS,-48.8,-246.85,1220.06,120.23,120.23,0,2026-10-04 05:27:30,2026-10-04 05:27:57
219,3400833,1,Quentin Stefan,4.09,48.8,-246.85,1220.06,LOSS,-48.8,-295.65,1220.06,124.23,124.23,0,2026-10-04 05:33:30,2026-10-04 05:33:57
220,3400837,1,Briscoe Logan,3.44,48.8,-295.65,1220.06,LOSS,-48.8,-344.45,1220.06,128.23,128.23,0,2026-10-04 05:37:30,2026-10-04 05:37:57
221,3400839,1,Meriwether Booker,3.34,48.8,-344.45,1220.06,LOSS,-48.8,-393.25,1220.06,132.23,132.23,0,2026-10-04 05:39:31,2026-10-04 05:39:57
222,3400843,1,Anatol Mullen,3.14,48.8,-393.25,1220.06,LOSS,-48.8,-442.05,1220.06,136.23,136.23,0,2026-10-04 05:43:30,2026-10-04 05:43:57
223,3400845,3,Hans Kingston,2.81,48.8,-442.05,1220.06,LOSS,-48.8,-490.85,1220.06,140.23,140.23,0,2026-10-04 05:45:31,2026-10-04 05:45:57
224,3400853,4,Hans Kingston,3.21,48.8,-490.85,1220.06,LOSS,-48.8,-539.65,1220.06,144.23,144.23,0,2026-10-04 05:53:31,2026-10-04 05:53:57
225,3400855,4,Magnus Smythe,4.86,48.8,-539.65,1220.06,LOSS,-48.8,-588.45,1220.06,148.23,148.23,0,2026-10-04 05:55:30,2026-10-04 05:55:57
226,3400875,4,Manny Clarke,3.08,48.8,-588.45,1220.06,WIN,101.5,-486.95,1220.06,139.91,148.23,0,2026-10-04 06:15:30,2026-10-04 06:15:57
227,3400879,1,Roland Frank,2.99,48.8,-486.95,1220.06,LOSS,-48.8,-535.75,1220.06,143.91,148.23,0,2026-10-04 06:19:30,2026-10-04 06:19:57
228,3400881,3,Hans Kingston,3.3,48.8,-535.75,1220.06,LOSS,-48.8,-584.55,1220.06,147.91,148.23,0,2026-10-04 06:21:30,2026-10-04 06:21:57
229,3400887,4,Bastien Traver,3.1,48.8,-584.55,1220.06,WIN,102.48,-482.07,1220.06,139.51,148.23,0,2026-10-04 06:27:30,2026-10-04 06:27:57
230,3400889,1,Roland Frank,3.1,48.8,-482.07,1220.06,LOSS,-48.8,-530.87,1220.06,143.51,148.23,0,2026-10-04 06:29:31,2026-10-04 06:29:57
231,3400891,1,Roland Frank,2.92,48.8,-530.87,1220.06,WIN,93.7,-437.17,1220.06,135.83,148.23,0,2026-10-04 06:31:30,2026-10-04 06:31:57
232,3400897,4,Bastien Traver,2.9,48.8,-437.17,1220.06,LOSS,-48.8,-485.97,1220.06,139.83,148.23,0,2026-10-04 06:37:30,2026-10-04 06:37:57
233,3400903,4,Andrzej Bosko,3.38,48.8,-485.97,1220.06,WIN,116.14,-369.83,1220.06,130.31,148.23,0,2026-10-04 06:43:30,2026-10-04 06:43:57
234,3400913,4,Hans Kingston,2.86,48.8,-369.83,1220.06,LOSS,-48.8,-418.63,1220.06,134.31,148.23,0,2026-10-04 06:53:30,2026-10-04 06:53:57
235,3400915,1,Briscoe Logan,3.9,48.8,-418.63,1220.06,LOSS,-48.8,-467.43,1220.06,138.31,148.23,0,2026-10-04 06:55:30,2026-10-04 06:55:57
236,3400923,4,Bastien Traver,2.84,48.8,-467.43,1220.06,WIN,89.79,-377.64,1220.06,130.95,148.23,0,2026-10-04 07:03:31,2026-10-04 07:03:57
237,3400927,4,Meriwether Booker,5.17,48.8,-377.64,1220.06,LOSS,-48.8,-426.44,1220.06,134.95,148.23,0,2026-10-04 07:07:41,2026-10-04 07:07:57
238,3400933,4,Bastien Traver,3.82,48.8,-426.44,1220.06,LOSS,-48.8,-475.24,1220.06,138.95,148.23,0,2026-10-04 07:13:30,2026-10-04 07:13:57
239,3400941,4,Manny Clarke,2.98,48.8,-475.24,1220.06,LOSS,-48.8,-524.04,1220.06,142.95,148.23,0,2026-10-04 07:21:30,2026-10-04 07:21:59
240,3400949,4,Hans Kingston,3.17,48.8,-524.04,1220.06,VOID,0.0,-524.04,1220.06,142.95,148.23,0,2026-10-04 07:29:30,2026-10-04 07:31:00
241,3400951,4,Russel Horn,3.61,48.8,-524.04,1220.06,VOID,0.0,-524.04,1220.06,142.95,148.23,0,2026-10-04 07:31:30,2026-10-04 07:33:00
242,3400955,4,Mickey Stenger,2.92,48.8,-524.04,1220.06,VOID,0.0,-524.04,1220.06,142.95,148.23,0,2026-10-04 07:35:30,2026-10-04 07:37:00
243,3400957,3,Magnus Smythe,3.45,48.8,-524.04,1220.06,VOID,0.0,-524.04,1220.06,142.95,148.23,0,2026-10-04 07:37:30,2026-10-04 07:39:00
244,3400959,1,Jarle Seward,3.09,48.8,-524.04,1220.06,VOID,0.0,-524.04,1220.06,142.95,148.23,0,2026-10-04 07:39:30,2026-10-04 07:41:00
245,3400961,4,Hans Kingston,6.19,48.8,-524.04,1220.06,VOID,0.0,-524.04,1220.06,142.95,148.23,0,2026-10-04 07:41:29,2026-10-04 07:42:59
246,3400971,1,Anatol Mullen,2.8,48.8,-524.04,1220.06,VOID,0.0,-524.04,1220.06,142.95,148.23,0,2026-10-04 07:51:30,2026-10-04 07:53:00
247,3400975,4,Bastien Traver,3.09,48.8,-524.04,1220.06,VOID,0.0,-524.04,1220.06,142.95,148.23,0,2026-10-04 07:55:29,2026-10-04 07:56:59
248,3400981,3,Hans Kingston,3.17,48.8,-524.04,1220.06,VOID,0.0,-524.04,1220.06,142.95,148.23,0,2026-10-04 08:01:30,2026-10-04 08:03:00
249,3400985,4,Hans Kingston,2.92,48.8,-524.04,1220.06,VOID,0.0,-524.04,1220.06,142.95,148.23,0,2026-10-04 08:05:29,2026-10-04 08:06:59
250,3400993,4,Hans Kingston,3.21,48.8,-524.04,1220.06,VOID,0.0,-524.04,1220.06,142.95,148.23,0,2026-10-04 08:13:41,2026-10-04 08:15:11
251,3400995,1,Jarle Seward,2.99,48.8,-524.04,1220.06,VOID,0.0,-524.04,1220.06,142.95,148.23,0,2026-10-04 08:15:30,2026-10-04 08:17:00
252,3401011,4,Magnus Smythe,3.51,48.8,-524.04,1220.06,VOID,0.0,-524.04,1220.06,142.95,148.23,0,2026-10-04 08:31:32,2026-10-04 08:33:02
253,3401013,4,Hans Kingston,4.02,48.8,-524.04,1220.06,VOID,0.0,-524.04,1220.06,142.95,148.23,0,2026-10-04 08:33:36,2026-10-04 08:35:06
254,3401015,4,Manny Clarke,3.31,48.8,-524.04,1220.06,VOID,0.0,-524.04,1220.06,142.95,148.23,0,2026-10-04 08:35:30,2026-10-04 08:37:00
255,3401017,4,Hans Kingston,3.77,48.8,-524.04,1220.06,VOID,0.0,-524.04,1220.06,142.95,148.23,0,2026-10-04 08:37:30,2026-10-04 08:39:00
256,3401025,4,Magnus Smythe,3.39,48.8,-524.04,1220.06,VOID,0.0,-524.04,1220.06,142.95,148.23,0,2026-10-04 08:45:31,2026-10-04 08:47:01
257,3401029,1,Meriwether Booker,2.84,48.8,-524.04,1220.06,VOID,0.0,-524.04,1220.06,142.95,148.23,0,2026-10-04 08:49:34,2026-10-04 08:51:04
258,3401033,1,Roland Frank,2.97,48.8,-524.04,1220.06,VOID,0.0,-524.04,1220.06,142.95,148.23,0,2026-10-04 08:53:32,2026-10-04 08:55:02
259,3401041,1,Jarle Seward,3.11,48.8,-524.04,1220.06,VOID,0.0,-524.04,1220.06,142.95,148.23,0,2026-10-04 09:01:30,2026-10-04 09:03:00
260,3401043,4,Hans Kingston,2.99,48.8,-524.04,1220.06,VOID,0.0,-524.04,1220.06,142.95,148.23,0,2026-10-04 09:03:34,2026-10-04 09:05:04
261,3401045,1,Briscoe Logan,3.17,48.8,-524.04,1220.06,VOID,0.0,-524.04,1220.06,142.95,148.23,0,2026-10-04 09:05:37,2026-10-04 09:07:07
262,3401053,4,Manny Clarke,3.05,48.8,-524.04,1220.06,VOID,0.0,-524.04,1220.06,142.95,148.23,0,2026-10-04 09:13:30,2026-10-04 09:15:00
263,3401057,4,Malcolm Farnham,3.53,48.8,-524.04,1220.06,VOID,0.0,-524.04,1220.06,142.95,148.23,0,2026-10-04 09:17:33,2026-10-04 09:19:03
264,3401059,4,Hans Kingston,2.99,48.8,-524.04,1220.06,VOID,0.0,-524.04,1220.06,142.95,148.23,0,2026-10-04 09:19:35,2026-10-04 09:21:05
265,3401061,4,Hans Kingston,2.93,48.8,-524.04,1220.06,VOID,0.0,-524.04,1220.06,142.95,148.23,0,2026-10-04 09:21:29,2026-10-04 09:22:59
266,3401067,4,Hans Kingston,4.11,48.8,-524.04,1220.06,VOID,0.0,-524.04,1220.06,142.95,148.23,0,2026-10-04 09:27:35,2026-10-04 09:29:05
267,3401069,4,Hans Kingston,2.9,48.8,-524.04,1220.06,VOID,0.0,-524.04,1220.06,142.95,148.23,0,2026-10-04 09:29:37,2026-10-04 09:31:07
268,3401073,4,Mickey Stenger,3.34,48.8,-524.04,1220.06,VOID,0.0,-524.04,1220.06,142.95,148.23,0,2026-10-04 09:33:36,2026-10-04 09:35:06
269,3401075,1,Mieszko Mckowen,2.99,48.8,-524.04,1220.06,VOID,0.0,-524.04,1220.06,142.95,148.23,0,2026-10-04 09:35:31,2026-10-04 09:37:01
270,3401077,1,Mieszko Mckowen,3.25,48.8,-524.04,1220.06,VOID,0.0,-524.04,1220.06,142.95,148.23,0,2026-10-04 09:37:30,2026-10-04 09:39:00
271,3401083,4,Magnus Smythe,3.36,48.8,-524.04,1220.06,VOID,0.0,-524.04,1220.06,142.95,148.23,0,2026-10-04 09:43:31,2026-10-04 09:45:01
272,3401089,1,Andrzej Bosko,2.8,48.8,-524.04,1220.06,VOID,0.0,-524.04,1220.06,142.95,148.23,0,2026-10-04 09:49:31,2026-10-04 09:51:01
273,3401095,4,Hans Kingston,3.28,48.8,-524.04,1220.06,VOID,0.0,-524.04,1220.06,142.95,148.23,0,2026-10-04 09:55:31,2026-10-04 09:57:47
274,3401099,3,Hans Kingston,2.83,48.8,-524.04,1220.06,VOID,0.0,-524.04,1220.06,142.95,148.23,0,2026-10-04 09:59:37,2026-10-04 10:01:07
275,3401101,4,Hans Kingston,3.49,48.8,-524.04,1220.06,VOID,0.0,-524.04,1220.06,142.95,148.23,0,2026-10-04 10:01:31,2026-10-04 10:03:01
276,3401105,4,Svante Ecclestone,3.12,48.8,-524.04,1220.06,VOID,0.0,-524.04,1220.06,142.95,148.23,0,2026-10-04 10:05:39,2026-10-04 10:07:09
277,3401113,1,Quentin Stefan,3.81,48.8,-524.04,1220.06,VOID,0.0,-524.04,1220.06,142.95,148.23,0,2026-10-04 10:13:30,2026-10-04 10:15:00
278,3401115,2,Meriwether Booker,2.85,48.8,-524.04,1220.06,VOID,0.0,-524.04,1220.06,142.95,148.23,0,2026-10-04 10:15:30,2026-10-04 10:17:00
279,3401117,3,Hans Kingston,3.03,48.8,-524.04,1220.06,VOID,0.0,-524.04,1220.06,142.95,148.23,0,2026-10-04 10:17:30,2026-10-04 10:19:00
280,3401127,1,Roland Frank,3.96,48.8,-524.04,1220.06,VOID,0.0,-524.04,1220.06,142.95,148.23,0,2026-10-04 10:27:31,2026-10-04 10:29:01
281,3401137,4,Bastien Traver,4.22,48.8,-524.04,1220.06,VOID,0.0,-524.04,1220.06,142.95,148.23,0,2026-10-04 10:37:33,2026-10-04 10:39:04
282,3401139,1,Roland Frank,4.44,48.8,-524.04,1220.06,VOID,0.0,-524.04,1220.06,142.95,148.23,0,2026-10-04 10:39:32,2026-10-04 10:41:02
283,3401143,4,Manny Clarke,3.44,48.8,-524.04,1220.06,VOID,0.0,-524.04,1220.06,142.95,148.23,0,2026-10-04 10:43:30,2026-10-04 10:45:00
284,3401145,4,Hans Kingston,2.89,48.8,-524.04,1220.06,VOID,0.0,-524.04,1220.06,142.95,148.23,0,2026-10-04 10:45:30,2026-10-04 10:47:00
285,3401149,1,Briscoe Logan,2.82,48.8,-524.04,1220.06,VOID,0.0,-524.04,1220.06,142.95,148.23,0,2026-10-04 10:49:32,2026-10-04 10:51:02
286,3401153,1,Quentin Stefan,3.97,48.8,-524.04,1220.06,VOID,0.0,-524.04,1220.06,142.95,148.23,0,2026-10-04 10:53:33,2026-10-04 10:55:03
287,3401155,1,Mieszko Mckowen,4.21,48.8,-524.04,1220.06,VOID,0.0,-524.04,1220.06,142.95,148.23,0,2026-10-04 10:55:33,2026-10-04 10:57:03
288,3401161,1,Quentin Stefan,4.31,48.8,-524.04,1220.06,VOID,0.0,-524.04,1220.06,142.95,148.23,0,2026-10-04 11:01:37,2026-10-04 11:03:07
289,3401165,4,Bastien Traver,2.92,48.8,-524.04,1220.06,VOID,0.0,-524.04,1220.06,142.95,148.23,0,2026-10-04 11:05:34,2026-10-04 11:07:04
290,3401169,1,Magnus Smythe,3.79,48.8,-524.04,1220.06,VOID,0.0,-524.04,1220.06,142.95,148.23,0,2026-10-04 11:09:31,2026-10-04 11:11:01
291,3401175,4,Hans Kingston,3.83,48.8,-524.04,1220.06,VOID,0.0,-524.04,1220.06,142.95,148.23,0,2026-10-04 11:15:31,2026-10-04 11:17:01
292,3401177,4,Bastien Traver,4.42,48.8,-524.04,1220.06,VOID,0.0,-524.04,1220.06,142.95,148.23,0,2026-10-04 11:17:30,2026-10-04 11:19:00
293,3401191,3,Bastien Traver,4.6,48.8,-524.04,1220.06,VOID,0.0,-524.04,1220.06,142.95,148.23,0,2026-10-04 11:31:34,2026-10-04 11:33:04
294,3401193,1,Roland Frank,3.32,48.8,-524.04,1220.06,VOID,0.0,-524.04,1220.06,142.95,148.23,0,2026-10-04 11:33:31,2026-10-04 11:35:01
295,3401203,4,Mickey Stenger,2.83,48.8,-524.04,1220.06,VOID,0.0,-524.04,1220.06,142.95,148.23,0,2026-10-04 11:43:31,2026-10-04 11:45:01
296,3401209,4,Russel Horn,3.22,48.8,-524.04,1220.06,VOID,0.0,-524.04,1220.06,142.95,148.23,0,2026-10-04 11:49:30,2026-10-04 11:51:00
297,3401217,4,Manny Clarke,3.16,48.8,-524.04,1220.06,VOID,0.0,-524.04,1220.06,142.95,148.23,0,2026-10-04 11:57:40,2026-10-04 11:59:10
298,3401221,4,Hans Kingston,3.32,48.8,-524.04,1220.06,VOID,0.0,-524.04,1220.06,142.95,148.23,0,2026-10-04 12:01:31,2026-10-04 12:03:01
299,3401223,4,Hans Kingston,2.96,48.8,-524.04,1220.06,VOID,0.0,-524.04,1220.06,142.95,148.23,0,2026-10-04 12:03:31,2026-10-04 12:05:01
300,3401225,1,Roland Frank,2.85,48.8,-524.04,1220.06,VOID,0.0,-524.04,1220.06,142.95,148.23,0,2026-10-04 12:05:29,2026-10-04 12:06:59
301,3401227,3,Andrzej Bosko,3.5,48.8,-524.04,1220.06,VOID,0.0,-524.04,1220.06,142.95,148.23,0,2026-10-04 12:07:32,2026-10-04 12:09:02
302,3401231,4,Hans Kingston,3.65,48.8,-524.04,1220.06,VOID,0.0,-524.04,1220.06,142.95,148.23,0,2026-10-04 12:11:35,2026-10-04 12:13:05
303,3401243,1,Jarle Seward,3.12,48.8,-524.04,1220.06,VOID,0.0,-524.04,1220.06,142.95,148.23,0,2026-10-04 12:23:30,2026-10-04 12:25:00
304,3401251,3,Quentin Stefan,4.4,48.8,-524.04,1220.06,VOID,0.0,-524.04,1220.06,142.95,148.23,0,2026-10-04 12:31:30,2026-10-04 12:33:00
305,3401255,4,Bastien Traver,4.37,48.8,-524.04,1220.06,VOID,0.0,-524.04,1220.06,142.95,148.23,0,2026-10-04 12:35:34,2026-10-04 12:37:04
306,3401257,4,Bastien Traver,2.99,48.8,-524.04,1220.06,VOID,0.0,-524.04,1220.06,142.95,148.23,0,2026-10-04 12:37:30,2026-10-04 12:39:00
307,3401267,4,Svante Ecclestone,3.01,48.8,-524.04,1220.06,VOID,0.0,-524.04,1220.06,142.95,148.23,0,2026-10-04 12:47:30,2026-10-04 12:49:00
308,3401271,4,Bastien Traver,3.32,48.8,-524.04,1220.06,VOID,0.0,-524.04,1220.06,142.95,148.23,0,2026-10-04 12:51:33,2026-10-04 12:53:03
309,3401277,4,Hans Kingston,2.85,48.8,-524.04,1220.06,VOID,0.0,-524.04,1220.06,142.95,148.23,0,2026-10-04 12:57:31,2026-10-04 12:59:01
310,3401281,4,Bastien Traver,3.13,48.8,-524.04,1220.06,VOID,0.0,-524.04,1220.06,142.95,148.23,0,2026-10-04 13:01:30,2026-10-04 13:03:00
311,3401301,3,Bastien Traver,3.04,48.8,-524.04,1220.06,LOSS,-48.8,-572.84,1220.06,146.95,148.23,0,2026-10-04 13:21:31,2026-10-04 13:21:57
312,3401305,3,Bastien Traver,3.59,48.8,-572.84,1220.06,WIN,126.39,-446.45,1220.06,136.59,148.23,0,2026-10-04 13:25:29,2026-10-04 13:25:57
313,3401307,3,Jarle Seward,3.25,48.8,-446.45,1220.06,WIN,109.8,-336.65,1220.06,127.59,148.23,0,2026-10-04 13:27:29,2026-10-04 13:27:57
314,3401317,4,Hans Kingston,3.01,48.8,-336.65,1220.06,WIN,98.09,-238.56,1220.06,119.55,148.23,0,2026-10-04 13:37:32,2026-10-04 13:37:57
315,3401319,4,Bastien Traver,3.09,48.8,-238.56,1220.06,LOSS,-48.8,-287.36,1220.06,123.55,148.23,0,2026-10-04 13:39:30,2026-10-04 13:39:58
316,3401329,4,Bastien Traver,3.45,48.8,-287.36,1220.06,LOSS,-48.8,-336.16,1220.06,127.55,148.23,0,2026-10-04 13:49:31,2026-10-04 13:49:57
317,3401331,4,Magnus Smythe,5.31,48.8,-336.16,1220.06,LOSS,-48.8,-384.96,1220.06,131.55,148.23,0,2026-10-04 13:51:31,2026-10-04 13:51:57
318,3401335,4,Hans Kingston,3.07,48.8,-384.96,1220.06,LOSS,-48.8,-433.76,1220.06,135.55,148.23,0,2026-10-04 13:55:36,2026-10-04 13:55:58
319,3401337,4,Mickey Stenger,2.94,48.8,-433.76,1220.06,LOSS,-48.8,-482.56,1220.06,139.55,148.23,0,2026-10-04 13:57:30,2026-10-04 13:57:57
320,3401339,1,Quentin Stefan,4.52,48.8,-482.56,1220.06,WIN,171.78,-310.78,1220.06,125.47,148.23,0,2026-10-04 13:59:31,2026-10-04 13:59:58
321,3401341,1,Mieszko Mckowen,3.21,48.8,-310.78,1220.06,WIN,107.85,-202.93,1220.06,116.63,148.23,0,2026-10-04 14:01:31,2026-10-04 14:01:57
322,3401345,1,Roland Frank,4.24,48.8,-202.93,1220.06,LOSS,-48.8,-251.73,1220.06,120.63,148.23,0,2026-10-04 14:05:31,2026-10-04 14:05:58
323,3401351,4,Magnus Smythe,3.91,48.8,-251.73,1220.06,LOSS,-48.8,-300.53,1220.06,124.63,148.23,0,2026-10-04 14:11:30,2026-10-04 14:11:57
324,3401357,1,Quentin Stefan,3.2,48.8,-300.53,1220.06,LOSS,-48.8,-349.33,1220.06,128.63,148.23,0,2026-10-04 14:17:31,2026-10-04 14:17:57
325,3401359,4,Magnus Smythe,3.53,48.8,-349.33,1220.06,LOSS,-48.8,-398.13,1220.06,132.63,148.23,0,2026-10-04 14:19:30,2026-10-04 14:19:57
326,3401361,4,Russel Horn,4.93,48.8,-398.13,1220.06,LOSS,-48.8,-446.93,1220.06,136.63,148.23,0,2026-10-04 14:21:31,2026-10-04 14:21:57
327,3401367,1,Jarle Seward,3.01,48.8,-446.93,1220.06,LOSS,-48.8,-495.73,1220.06,140.63,148.23,0,2026-10-04 14:27:32,2026-10-04 14:27:57
328,3401369,1,Mickey Stenger,2.97,48.8,-495.73,1220.06,LOSS,-48.8,-544.53,1220.06,144.63,148.23,0,2026-10-04 14:29:31,2026-10-04 14:29:57
329,3401371,1,Jarle Seward,3.81,48.8,-544.53,1220.06,WIN,137.13,-407.4,1220.06,133.39,148.23,0,2026-10-04 14:31:30,2026-10-04 14:31:57
330,3401373,3,Andrzej Bosko,2.96,48.8,-407.4,1220.06,LOSS,-48.8,-456.2,1220.06,137.39,148.23,0,2026-10-04 14:33:30,2026-10-04 14:33:57
331,3401377,4,Hans Kingston,9.15,48.8,-456.2,1220.06,LOSS,-48.8,-505.0,1220.06,141.39,148.23,0,2026-10-04 14:37:30,2026-10-04 14:37:57
332,3401381,4,Magnus Smythe,3.4,48.8,-505.0,1220.06,LOSS,-48.8,-553.8,1220.06,145.39,148.23,0,2026-10-04 14:41:31,2026-10-04 14:41:59
333,3401393,4,Svante Ecclestone,3.24,48.8,-553.8,1220.06,LOSS,-48.8,-602.6,1220.06,149.39,149.39,0,2026-10-04 14:53:30,2026-10-04 14:53:58
334,3401395,1,Anatol Mullen,6.92,48.8,-602.6,1220.06,LOSS,-48.8,-651.4,1220.06,153.39,153.39,0,2026-10-04 14:55:30,2026-10-04 14:55:59
335,3401403,3,Mickey Stenger,3.0,48.8,-651.4,1220.06,LOSS,-48.8,-700.2,1220.06,157.39,157.39,0,2026-10-04 15:03:33,2026-10-04 15:03:58
336,3401405,4,Hans Kingston,3.53,48.8,-700.2,1220.06,LOSS,-48.8,-749.0,1220.06,161.39,161.39,0,2026-10-04 15:05:31,2026-10-04 15:05:58
337,3401409,1,Jarle Seward,3.68,48.8,-749.0,1220.06,WIN,130.78,-618.22,1220.06,150.67,161.39,0,2026-10-04 15:09:32,2026-10-04 15:09:57
338,3401411,3,Russel Horn,3.69,48.8,-618.22,1220.06,LOSS,-48.8,-667.02,1220.06,154.67,161.39,0,2026-10-04 15:11:31,2026-10-04 15:11:57
339,3401415,1,Anatol Mullen,3.28,48.8,-667.02,1220.06,VOID,0.0,-667.02,1220.06,154.67,161.39,0,2026-10-04 15:15:31,2026-10-04 15:17:01
340,3401417,3,Hans Kingston,2.83,48.8,-667.02,1220.06,VOID,0.0,-667.02,1220.06,154.67,161.39,0,2026-10-04 15:17:31,2026-10-04 15:19:01
341,3401419,4,Manny Clarke,3.72,48.8,-667.02,1220.06,VOID,0.0,-667.02,1220.06,154.67,161.39,0,2026-10-04 15:19:31,2026-10-04 15:21:01
342,3401433,4,Manny Clarke,3.32,48.8,-667.02,1220.06,VOID,0.0,-667.02,1220.06,154.67,161.39,0,2026-10-04 15:33:31,2026-10-04 15:35:01
343,3401441,1,Roland Frank,2.81,48.8,-667.02,1220.06,VOID,0.0,-667.02,1220.06,154.67,161.39,0,2026-10-04 15:41:30,2026-10-04 15:43:00
344,3401443,4,Bastien Traver,3.38,48.8,-667.02,1220.06,VOID,0.0,-667.02,1220.06,154.67,161.39,0,2026-10-04 15:43:30,2026-10-04 15:45:00
345,3401445,4,Manny Clarke,2.91,48.8,-667.02,1220.06,VOID,0.0,-667.02,1220.06,154.67,161.39,0,2026-10-04 15:45:39,2026-10-04 15:47:09
346,3401447,3,Hans Kingston,3.1,48.8,-667.02,1220.06,VOID,0.0,-667.02,1220.06,154.67,161.39,0,2026-10-04 15:47:31,2026-10-04 15:49:01
347,3401449,4,Hans Kingston,2.96,48.8,-667.02,1220.06,VOID,0.0,-667.02,1220.06,154.67,161.39,0,2026-10-04 15:49:37,2026-10-04 15:51:07
348,3401451,4,Hans Kingston,5.19,48.8,-667.02,1220.06,VOID,0.0,-667.02,1220.06,154.67,161.39,0,2026-10-04 15:51:31,2026-10-04 15:53:01
349,3401453,1,Anatol Mullen,2.94,48.8,-667.02,1220.06,VOID,0.0,-667.02,1220.06,154.67,161.39,0,2026-10-04 15:53:30,2026-10-04 15:55:00
350,3401455,4,Hans Kingston,3.22,48.8,-667.02,1220.06,VOID,0.0,-667.02,1220.06,154.67,161.39,0,2026-10-04 15:55:38,2026-10-04 15:57:08
351,3401459,4,Bastien Traver,3.67,48.8,-667.02,1220.06,VOID,0.0,-667.02,1220.06,154.67,161.39,0,2026-10-04 15:59:30,2026-10-04 16:01:00
352,3401461,1,Quentin Stefan,3.76,48.8,-667.02,1220.06,VOID,0.0,-667.02,1220.06,154.67,161.39,0,2026-10-04 16:01:39,2026-10-04 16:03:09
353,3401465,2,Quentin Stefan,3.17,48.8,-667.02,1220.06,VOID,0.0,-667.02,1220.06,154.67,161.39,0,2026-10-04 16:05:29,2026-10-04 16:06:59
354,3401477,4,Mickey Stenger,3.25,48.8,-667.02,1220.06,VOID,0.0,-667.02,1220.06,154.67,161.39,0,2026-10-04 16:17:31,2026-10-04 16:19:01
355,3401481,4,Bastien Traver,4.16,48.8,-667.02,1220.06,VOID,0.0,-667.02,1220.06,154.67,161.39,0,2026-10-04 16:21:39,2026-10-04 16:23:09
356,3401483,4,Bastien Traver,4.26,48.8,-667.02,1220.06,VOID,0.0,-667.02,1220.06,154.67,161.39,0,2026-10-04 16:23:30,2026-10-04 16:25:00
357,3401485,4,Russel Horn,2.98,48.8,-667.02,1220.06,VOID,0.0,-667.02,1220.06,154.67,161.39,0,2026-10-04 16:25:29,2026-10-04 16:26:59
358,3401489,4,Hans Kingston,2.87,48.8,-667.02,1220.06,VOID,0.0,-667.02,1220.06,154.67,161.39,0,2026-10-04 16:29:31,2026-10-04 16:31:01
359,3401493,4,Bastien Traver,3.55,48.8,-667.02,1220.06,VOID,0.0,-667.02,1220.06,154.67,161.39,0,2026-10-04 16:33:32,2026-10-04 16:35:02
360,3401497,4,Bastien Traver,2.8,48.8,-667.02,1220.06,VOID,0.0,-667.02,1220.06,154.67,161.39,0,2026-10-04 16:37:33,2026-10-04 16:39:03
361,3401497,4,Bastien Traver,2.8,48.8,-667.02,1220.06,VOID,0.0,-667.02,1220.06,154.67,161.39,0,2026-10-04 16:37:39,2026-10-04 16:39:09
362,3401503,4,Bastien Traver,3.22,48.8,-667.02,1220.06,VOID,0.0,-667.02,1220.06,154.67,161.39,0,2026-10-04 16:43:40,2026-10-04 16:45:10
363,3401511,4,Mickey Stenger,3.88,48.8,-667.02,1220.06,VOID,0.0,-667.02,1220.06,154.67,161.39,0,2026-10-04 16:51:30,2026-10-04 16:53:00
364,3401515,4,Bastien Traver,3.06,48.8,-667.02,1220.06,VOID,0.0,-667.02,1220.06,154.67,161.39,0,2026-10-04 16:55:31,2026-10-04 16:57:01
365,3401519,4,Magnus Smythe,3.35,48.8,-667.02,1220.06,VOID,0.0,-667.02,1220.06,154.67,161.39,0,2026-10-04 16:59:36,2026-10-04 17:01:06
366,3401523,4,Manny Clarke,2.8,48.8,-667.02,1220.06,VOID,0.0,-667.02,1220.06,154.67,161.39,0,2026-10-04 17:03:31,2026-10-04 17:05:01
367,3401525,4,Hans Kingston,3.42,48.8,-667.02,1220.06,VOID,0.0,-667.02,1220.06,154.67,161.39,0,2026-10-04 17:05:30,2026-10-04 17:07:00
368,3401527,1,Briscoe Logan,4.53,48.8,-667.02,1220.06,VOID,0.0,-667.02,1220.06,154.67,161.39,0,2026-10-04 17:07:31,2026-10-04 17:09:01
369,3401529,3,Hans Kingston,2.81,48.8,-667.02,1220.06,VOID,0.0,-667.02,1220.06,154.67,161.39,0,2026-10-04 17:09:32,2026-10-04 17:11:02
370,3401531,4,Magnus Smythe,4.74,48.8,-667.02,1220.06,VOID,0.0,-667.02,1220.06,154.67,161.39,0,2026-10-04 17:11:30,2026-10-04 17:13:00
371,3401539,1,Anatol Mullen,3.32,48.8,-667.02,1220.06,LOSS,-48.8,-715.82,1220.06,158.67,161.39,0,2026-10-04 17:19:48,2026-10-04 17:19:58
372,3401543,4,Magnus Smythe,3.42,48.8,-715.82,1220.06,WIN,118.1,-597.72,1220.06,148.99,161.39,0,2026-10-04 17:23:29,2026-10-04 17:23:57
373,3401545,4,Bastien Traver,4.15,48.8,-597.72,1220.06,LOSS,-48.8,-646.52,1220.06,152.99,161.39,0,2026-10-04 17:25:31,2026-10-04 17:25:58
374,3401549,4,Meriwether Booker,3.61,48.8,-646.52,1220.06,LOSS,-48.8,-695.32,1220.06,156.99,161.39,0,2026-10-04 17:29:29,2026-10-04 17:29:57
375,3401551,4,Hans Kingston,3.76,48.8,-695.32,1220.06,LOSS,-48.8,-744.12,1220.06,160.99,161.39,0,2026-10-04 17:31:31,2026-10-04 17:31:57
376,3401555,3,Bastien Traver,3.05,48.8,-744.12,1220.06,WIN,100.04,-644.08,1220.06,152.79,161.39,0,2026-10-04 17:35:31,2026-10-04 17:35:58
377,3401557,1,Jarle Seward,4.1,48.8,-644.08,1220.06,WIN,151.28,-492.8,1220.06,140.39,161.39,0,2026-10-04 17:37:30,2026-10-04 17:37:58
378,3401565,1,Quentin Stefan,3.58,48.8,-492.8,1220.06,WIN,125.9,-366.9,1220.06,130.07,161.39,0,2026-10-04 17:45:31,2026-10-04 17:45:58
